mft lsn,correct,length,transaction num,page_origins,first_lsn,last_lsn,first_redo,first_undo,last_redo,last_undo,need previous,no forget+compensation,mft,mft attribute,usn,all_opcodes
1070850,True,2,143,"42-15, 42-16",1070850,1070874,Create Attribute,Delete Attribute,Forget Transaction,Compensation Log Record,,,[],"[(1070850, 'LoggedUtilityStream')]",[],"[(1070850, 'Create Attribute', 'Delete Attribute'), (1070874, 'Forget Transaction', 'Compensation Log Record')]"
1071112,True,3,5,"42-27, 43-1, 43-2",1071090,1071124,Set Bits in Nonresident Bitmap,Clear Bits in Nonresident Bitmap,Deallocate File Record Segment,Compensation Log Record,,,[],[],[],"[(1071090, 'Set Bits in Nonresident Bitmap', 'Clear Bits in Nonresident Bitmap'), (1071112, 'No-Operation', 'Deallocate File Record Segment'), (1071124, 'Deallocate File Record Segment', 'Compensation Log Record')]"
1074953,True,4,48,"50-14, 50-15, 50-16, 50-17",1074913,1074972,Set New Attribute Sizes,Set New Attribute Sizes,Forget Transaction,Compensation Log Record,,,[],[],"[(1074932, 480)]","[(1074913, 'Set New Attribute Sizes', 'Set New Attribute Sizes'), (1074932, 'Update Nonresident Value', 'No-Operation'), (1074953, 'Set New Attribute Sizes', 'Set New Attribute Sizes'), (1074972, 'Forget Transaction', 'Compensation Log Record')]"
1080074,True,3,58,"60-15, 60-16, 60-17",1080047,1080099,Update Resident Value,Update Resident Value,Forget Transaction,Compensation Log Record,,,[],[],[],"[(1080047, 'Update Resident Value', 'Update Resident Value'), (1080074, 'Update File Name Allocation', 'Update File Name Allocation'), (1080099, 'Forget Transaction', 'Compensation Log Record')]"
1082384,True,5,106,"64-16, 64-17, 65-0, 65-1, 65-2",1082317,1082397,Set New Attribute Sizes,Set New Attribute Sizes,Forget Transaction,Compensation Log Record,,,[],[],"[(1082336, 3776)]","[(1082317, 'Set New Attribute Sizes', 'Set New Attribute Sizes'), (1082336, 'Update Nonresident Value', 'No-Operation'), (1082357, 'Set New Attribute Sizes', 'Set New Attribute Sizes'), (1082384, 'Update Resident Value', 'Update Resident Value'), (1082397, 'Forget Transaction', 'Compensation Log Record')]"
1077265,True,5,4,"54-22, 54-23, 55-0, 55-1, 55-2",1077189,1077278,Set New Attribute Sizes,Set New Attribute Sizes,Forget Transaction,Compensation Log Record,,,[],[],"[(1077208, 1592)]","[(1077189, 'Set New Attribute Sizes', 'Set New Attribute Sizes'), (1077208, 'Update Nonresident Value', 'No-Operation'), (1077238, 'Set New Attribute Sizes', 'Set New Attribute Sizes'), (1077265, 'Update Resident Value', 'Update Resident Value'), (1077278, 'Forget Transaction', 'Compensation Log Record')]"
1075730,True,7,32,"51-20, 51-21, 51-22, 51-23, 52-0, 52-1, 52-2",1075550,1075747,Set New Attribute Sizes,Set New Attribute Sizes,Forget Transaction,Compensation Log Record,,,[],[],[],"[(1075550, 'Set New Attribute Sizes', 'Set New Attribute Sizes'), (1075567, 'Update Nonresident Value', 'Update Nonresident Value'), (1075628, 'Update Nonresident Value', 'Update Nonresident Value'), (1075689, 'Set New Attribute Sizes', 'Set New Attribute Sizes'), (1075706, 'Add Index Entry Root', 'Delete Index Entry Root'), (1075730, 'Add Index Entry Allocation', 'Delete Index Entry Allocation'), (1075747, 'Forget Transaction', 'Compensation Log Record')]"
1074222,True,13,55,"48-13, 48-14, 48-15, 48-16, 48-17, 48-18, 48-19, 48-20, 48-21, 49-1, 49-2, 49-3, 49-4",1073997,1074241,Set Bits in Nonresident Bitmap,Clear Bits in Nonresident Bitmap,Forget Transaction,Compensation Log Record,,,"[(1074056, 36, 1)]",[],"[(1074201, 0)]","[(1073997, 'Set Bits in Nonresident Bitmap', 'Clear Bits in Nonresident Bitmap'), (1074009, 'No-Operation', 'Deallocate File Record Segment'), (1074021, 'Set Bits in Nonresident Bitmap', 'Clear Bits in Nonresident Bitmap'), (1074033, 'Add Index Entry Allocation', 'Delete Index Entry Allocation'), (1074056, 'Initialize File Record Segment', 'No-Operation'), (1074109, 'Set Bits in Nonresident Bitmap', 'Clear Bits in Nonresident Bitmap'), (1074121, 'Set New Attribute Sizes', 'Set New Attribute Sizes'), (1074140, 'Update Mapping Pairs', 'Update Mapping Pairs'), (1074153, 'Set New Attribute Sizes', 'Set New Attribute Sizes'), (1074184, 'Open Non Resident Attribute', 'No-Operation'), (1074201, 'Update Nonresident Value', 'No-Operation'), (1074222, 'Set New Attribute Sizes', 'Set New Attribute Sizes'), (1074241, 'Forget Transaction', 'Compensation Log Record')]"
1079513,True,2,39,"59-12, 59-13",1079513,1079538,Update File Name Allocation,Update File Name Allocation,Forget Transaction,Compensation Log Record,,,[],[],[],"[(1079513, 'Update File Name Allocation', 'Update File Name Allocation'), (1079538, 'Forget Transaction', 'Compensation Log Record')]"
1077784,True,4,66,"55-23, 56-0, 56-1, 56-2",1077735,1077803,Set New Attribute Sizes,Set New Attribute Sizes,Forget Transaction,Compensation Log Record,,,[],[],"[(1077754, 1832)]","[(1077735, 'Set New Attribute Sizes', 'Set New Attribute Sizes'), (1077754, 'Update Nonresident Value', 'No-Operation'), (1077784, 'Set New Attribute Sizes', 'Set New Attribute Sizes'), (1077803, 'Forget Transaction', 'Compensation Log Record')]"
1075994,True,5,84,"52-11, 52-12, 52-13, 52-14, 52-15",1075934,1076007,Set New Attribute Sizes,Set New Attribute Sizes,Forget Transaction,Compensation Log Record,,,[],[],"[(1075953, 872)]","[(1075934, 'Set New Attribute Sizes', 'Set New Attribute Sizes'), (1075953, 'Update Nonresident Value', 'No-Operation'), (1075975, 'Set New Attribute Sizes', 'Set New Attribute Sizes'), (1075994, 'Update Resident Value', 'Update Resident Value'), (1076007, 'Forget Transaction', 'Compensation Log Record')]"
1071279,True,7,16,"43-5, 43-6, 43-7, 43-8, 43-9, 43-10, 43-11",1071159,1071296,Set New Attribute Sizes,Set New Attribute Sizes,Forget Transaction,Compensation Log Record,,,[],[],[],"[(1071159, 'Set New Attribute Sizes', 'Set New Attribute Sizes'), (1071176, 'Update Nonresident Value', 'Update Nonresident Value'), (1071211, 'Update Nonresident Value', 'Update Nonresident Value'), (1071246, 'Set New Attribute Sizes', 'Set New Attribute Sizes'), (1071263, 'Add Index Entry Root', 'Delete Index Entry Root'), (1071279, 'Add Index Entry Root', 'Delete Index Entry Root'), (1071296, 'Forget Transaction', 'Compensation Log Record')]"
1074717,True,6,132,"49-28, 49-29, 49-30, 50-1, 50-2, 50-3",1074637,1074736,Create Attribute,Delete Attribute,Forget Transaction,Compensation Log Record,,,[],"[(1074637, 'Data')]","[(1074696, 320)]","[(1074637, 'Create Attribute', 'Delete Attribute'), (1074655, 'Update Resident Value', 'Update Resident Value'), (1074668, 'Set New Attribute Sizes', 'Set New Attribute Sizes'), (1074696, 'Update Nonresident Value', 'No-Operation'), (1074717, 'Set New Attribute Sizes', 'Set New Attribute Sizes'), (1074736, 'Forget Transaction', 'Compensation Log Record')]"
1079838,True,5,64,"59-26, 60-0, 60-1, 60-2, 60-3",1079763,1079857,Update Resident Value,Update Resident Value,Forget Transaction,Compensation Log Record,,,[],[],"[(1079817, 2904)]","[(1079763, 'Update Resident Value', 'Update Resident Value'), (1079790, 'Set New Attribute Sizes', 'Set New Attribute Sizes'), (1079817, 'Update Nonresident Value', 'No-Operation'), (1079838, 'Set New Attribute Sizes', 'Set New Attribute Sizes'), (1079857, 'Forget Transaction', 'Compensation Log Record')]"
1077029,True,5,60,"54-10, 54-11, 54-12, 54-13, 54-14",1076961,1077042,Set New Attribute Sizes,Set New Attribute Sizes,Forget Transaction,Compensation Log Record,,,[],[],"[(1076980, 1288)]","[(1076961, 'Set New Attribute Sizes', 'Set New Attribute Sizes'), (1076980, 'Update Nonresident Value', 'No-Operation'), (1077010, 'Set New Attribute Sizes', 'Set New Attribute Sizes'), (1077029, 'Update Resident Value', 'Update Resident Value'), (1077042, 'Forget Transaction', 'Compensation Log Record')]"
1073969,True,10,74,"48-3, 48-4, 48-5, 48-6, 48-7, 48-8, 48-9, 48-10, 48-11, 48-12",1073760,1073986,Set New Attribute Sizes,Set New Attribute Sizes,Forget Transaction,Compensation Log Record,,,[],[],[],"[(1073760, 'Set New Attribute Sizes', 'Set New Attribute Sizes'), (1073777, 'Update Nonresident Value', 'Update Nonresident Value'), (1073789, 'Set New Attribute Sizes', 'Set New Attribute Sizes'), (1073806, 'Update Nonresident Value', 'Update Nonresident Value'), (1073818, 'Update Nonresident Value', 'Update Nonresident Value'), (1073877, 'Update Nonresident Value', 'Update Nonresident Value'), (1073936, 'Set New Attribute Sizes', 'Set New Attribute Sizes'), (1073953, 'Add Index Entry Root', 'Delete Index Entry Root'), (1073969, 'Add Index Entry Allocation', 'Delete Index Entry Allocation'), (1073986, 'Forget Transaction', 'Compensation Log Record')]"
1078302,True,2,110,"57-3, 57-4",1078302,1078329,Update Resident Value,Update Resident Value,Forget Transaction,Compensation Log Record,,,[],[],[],"[(1078302, 'Update Resident Value', 'Update Resident Value'), (1078329, 'Forget Transaction', 'Compensation Log Record')]"
1082155,True,4,87,"64-4, 64-5, 64-6, 64-7",1082115,1082174,Set New Attribute Sizes,Set New Attribute Sizes,Forget Transaction,Compensation Log Record,,,[],[],"[(1082134, 3696)]","[(1082115, 'Set New Attribute Sizes', 'Set New Attribute Sizes'), (1082134, 'Update Nonresident Value', 'No-Operation'), (1082155, 'Set New Attribute Sizes', 'Set New Attribute Sizes'), (1082174, 'Forget Transaction', 'Compensation Log Record')]"
1085260,True,2,146,"70-11, 70-12",1085260,1085287,Update Resident Value,Update Resident Value,Forget Transaction,Compensation Log Record,,,[],[],[],"[(1085260, 'Update Resident Value', 'Update Resident Value'), (1085287, 'Forget Transaction', 'Compensation Log Record')]"
1080110,True,2,89,"60-18, 60-19",1080110,1080135,Update File Name Root,Update File Name Root,Forget Transaction,Compensation Log Record,,,[],[],[],"[(1080110, 'Update File Name Root', 'Update File Name Root'), (1080135, 'Forget Transaction', 'Compensation Log Record')]"
1075248,True,5,1,"50-29, 51-1, 51-2, 51-3, 51-4",1075176,1075261,Set New Attribute Sizes,Set New Attribute Sizes,Forget Transaction,Compensation Log Record,,,[],[],"[(1075208, 640)]","[(1075176, 'Set New Attribute Sizes', 'Set New Attribute Sizes'), (1075208, 'Update Nonresident Value', 'No-Operation'), (1075229, 'Set New Attribute Sizes', 'Set New Attribute Sizes'), (1075248, 'Update Resident Value', 'Update Resident Value'), (1075261, 'Forget Transaction', 'Compensation Log Record')]"
1078280,True,2,25,"57-1, 57-2",1078280,1078291,Update Resident Value,Update Resident Value,Forget Transaction,Compensation Log Record,,,[],[],[],"[(1078280, 'Update Resident Value', 'Update Resident Value'), (1078291, 'Forget Transaction', 'Compensation Log Record')]"
1075080,True,2,148,"50-23, 50-24",1075080,1075105,Update File Name Allocation,Update File Name Allocation,Forget Transaction,Compensation Log Record,,,[],[],[],"[(1075080, 'Update File Name Allocation', 'Update File Name Allocation'), (1075105, 'Forget Transaction', 'Compensation Log Record')]"
1077814,True,2,70,"56-3, 56-4",1077814,1077825,Update Resident Value,Update Resident Value,Forget Transaction,Compensation Log Record,,,[],[],[],"[(1077814, 'Update Resident Value', 'Update Resident Value'), (1077825, 'Forget Transaction', 'Compensation Log Record')]"
1084215,True,7,0,"68-12, 68-13, 68-14, 68-15, 68-16, 68-17, 68-18",1084105,1084228,Update Resident Value,Update Resident Value,Forget Transaction,Compensation Log Record,,,[],[],"[(1084174, 4568)]","[(1084105, 'Update Resident Value', 'Update Resident Value'), (1084130, 'Update File Name Allocation', 'Update File Name Allocation'), (1084155, 'Set New Attribute Sizes', 'Set New Attribute Sizes'), (1084174, 'Update Nonresident Value', 'No-Operation'), (1084196, 'Set New Attribute Sizes', 'Set New Attribute Sizes'), (1084215, 'Update Resident Value', 'Update Resident Value'), (1084228, 'Forget Transaction', 'Compensation Log Record')]"
1075514,True,3,44,"51-17, 51-18, 51-19",1075489,1075539,Update Resident Value,Update Resident Value,Forget Transaction,Compensation Log Record,,,[],[],[],"[(1075489, 'Update Resident Value', 'Update Resident Value'), (1075514, 'Update File Name Allocation', 'Update File Name Allocation'), (1075539, 'Forget Transaction', 'Compensation Log Record')]"
1074747,True,2,135,"50-4, 50-5",1074747,1074772,Update File Name Allocation,Update File Name Allocation,Forget Transaction,Compensation Log Record,,,[],[],[],"[(1074747, 'Update File Name Allocation', 'Update File Name Allocation'), (1074772, 'Forget Transaction', 'Compensation Log Record')]"
1078076,True,2,90,"56-19, 56-20",1078076,1078101,Update File Name Root,Update File Name Root,Forget Transaction,Compensation Log Record,,,[],[],[],"[(1078076, 'Update File Name Root', 'Update File Name Root'), (1078101, 'Forget Transaction', 'Compensation Log Record')]"
1078340,True,2,112,"57-5, 57-6",1078340,1078365,Update File Name Root,Update File Name Root,Forget Transaction,Compensation Log Record,,,[],[],[],"[(1078340, 'Update File Name Root', 'Update File Name Root'), (1078365, 'Forget Transaction', 'Compensation Log Record')]"
1079733,True,4,56,"59-22, 59-23, 59-24, 59-25",1079693,1079752,Set New Attribute Sizes,Set New Attribute Sizes,Forget Transaction,Compensation Log Record,,,[],[],"[(1079712, 2824)]","[(1079693, 'Set New Attribute Sizes', 'Set New Attribute Sizes'), (1079712, 'Update Nonresident Value', 'No-Operation'), (1079733, 'Set New Attribute Sizes', 'Set New Attribute Sizes'), (1079752, 'Forget Transaction', 'Compensation Log Record')]"
1083972,True,7,63,"67-23, 67-24, 68-1, 68-2, 68-3, 68-4, 68-5",1083854,1083985,Update Resident Value,Update Resident Value,Forget Transaction,Compensation Log Record,,,[],[],"[(1083931, 4392)]","[(1083854, 'Update Resident Value', 'Update Resident Value'), (1083879, 'Update File Name Allocation', 'Update File Name Allocation'), (1083912, 'Set New Attribute Sizes', 'Set New Attribute Sizes'), (1083931, 'Update Nonresident Value', 'No-Operation'), (1083953, 'Set New Attribute Sizes', 'Set New Attribute Sizes'), (1083972, 'Update Resident Value', 'Update Resident Value'), (1083985, 'Forget Transaction', 'Compensation Log Record')]"
1072197,True,2,65,"45-3, 45-4",1072197,1072208,Update Resident Value,Update Resident Value,Forget Transaction,Compensation Log Record,,,[],[],[],"[(1072197, 'Update Resident Value', 'Update Resident Value'), (1072208, 'Forget Transaction', 'Compensation Log Record')]"
1072136,True,7,101,"44-21, 44-22, 44-23, 44-24, 44-25, 45-1, 45-2",1072045,1072186,Set Bits in Nonresident Bitmap,Clear Bits in Nonresident Bitmap,Forget Transaction,Compensation Log Record,,,"[(1072136, 34, 1)]",[],[],"[(1072045, 'Set Bits in Nonresident Bitmap', 'Clear Bits in Nonresident Bitmap'), (1072057, 'No-Operation', 'Deallocate File Record Segment'), (1072069, 'Open Non Resident Attribute', 'No-Operation'), (1072086, 'No-Operation', 'No-Operation'), (1072097, 'Add Index Entry Root', 'Delete Index Entry Root'), (1072136, 'Initialize File Record Segment', 'No-Operation'), (1072186, 'Forget Transaction', 'Compensation Log Record')]"
1082185,True,2,91,"64-8, 64-9",1082185,1082196,Update Resident Value,Update Resident Value,Forget Transaction,Compensation Log Record,,,[],[],[],"[(1082185, 'Update Resident Value', 'Update Resident Value'), (1082196, 'Forget Transaction', 'Compensation Log Record')]"
1079370,True,4,9,"59-2, 59-3, 59-4, 59-5",1079330,1079389,Set New Attribute Sizes,Set New Attribute Sizes,Forget Transaction,Compensation Log Record,,,[],[],"[(1079349, 2584)]","[(1079330, 'Set New Attribute Sizes', 'Set New Attribute Sizes'), (1079349, 'Update Nonresident Value', 'No-Operation'), (1079370, 'Set New Attribute Sizes', 'Set New Attribute Sizes'), (1079389, 'Forget Transaction', 'Compensation Log Record')]"
1079627,True,6,14,"59-14, 59-15, 59-16, 59-17, 59-18, 59-19",1079549,1079646,Update Resident Value,Update Resident Value,Forget Transaction,Compensation Log Record,,,[],[],"[(1079606, 2744)]","[(1079549, 'Update Resident Value', 'Update Resident Value'), (1079560, 'Update Resident Value', 'Update Resident Value'), (1079587, 'Set New Attribute Sizes', 'Set New Attribute Sizes'), (1079606, 'Update Nonresident Value', 'No-Operation'), (1079627, 'Set New Attribute Sizes', 'Set New Attribute Sizes'), (1079646, 'Forget Transaction', 'Compensation Log Record')]"
1077836,True,2,27,"56-5, 56-6",1077836,1077849,Update Resident Value,Update Resident Value,Forget Transaction,Compensation Log Record,,,[],[],[],"[(1077836, 'Update Resident Value', 'Update Resident Value'), (1077849, 'Forget Transaction', 'Compensation Log Record')]"
1080146,True,2,93,"60-20, 60-21",1080146,1080163,Set New Attribute Sizes,Set New Attribute Sizes,Forget Transaction,Compensation Log Record,,,[],[],[],"[(1080146, 'Set New Attribute Sizes', 'Set New Attribute Sizes'), (1080163, 'Forget Transaction', 'Compensation Log Record')]"
1082708,True,8,126,"65-6, 65-7, 65-8, 65-9, 65-10, 65-11, 65-12, 65-13",1082596,1082727,Delete Index Entry Allocation,Add Index Entry Allocation,Forget Transaction,Compensation Log Record,,,[],[],"[(1082687, 3856)]","[(1082596, 'Delete Index Entry Allocation', 'Add Index Entry Allocation'), (1082620, 'Delete Index Entry Root', 'Add Index Entry Root'), (1082642, 'Deallocate File Record Segment', 'Initialize File Record Segment'), (1082656, 'Clear Bits in Nonresident Bitmap', 'Set Bits in Nonresident Bitmap'), (1082668, 'Set New Attribute Sizes', 'Set New Attribute Sizes'), (1082687, 'Update Nonresident Value', 'No-Operation'), (1082708, 'Set New Attribute Sizes', 'Set New Attribute Sizes'), (1082727, 'Forget Transaction', 'Compensation Log Record')]"
1072219,True,2,114,"45-5, 45-6",1072219,1072244,Update File Name Root,Update File Name Root,Forget Transaction,Compensation Log Record,,,[],[],[],"[(1072219, 'Update File Name Root', 'Update File Name Root'), (1072244, 'Forget Transaction', 'Compensation Log Record')]"
1075293,True,3,18,"51-5, 51-6, 51-7",1075272,1075318,Update Resident Value,Update Resident Value,Forget Transaction,Compensation Log Record,,,[],[],[],"[(1075272, 'Update Resident Value', 'Update Resident Value'), (1075293, 'Update File Name Allocation', 'Update File Name Allocation'), (1075318, 'Forget Transaction', 'Compensation Log Record')]"
1073502,True,14,23,"47-3, 47-4, 47-5, 47-6, 47-7, 47-8, 47-9, 47-10, 47-11, 47-12, 47-13, 47-14, 47-15, 47-16",1073258,1073523,Set Bits in Nonresident Bitmap,Clear Bits in Nonresident Bitmap,Forget Transaction,Compensation Log Record,,,"[(1073306, 35, 1)]","[(1073351, 'Data'), (1073366, 'Data'), (1073392, 'Data'), (1073413, 'Data'), (1073459, 'Data'), (1073480, 'Data')]",[],"[(1073258, 'Set Bits in Nonresident Bitmap', 'Clear Bits in Nonresident Bitmap'), (1073270, 'No-Operation', 'Deallocate File Record Segment'), (1073282, 'Add Index Entry Root', 'Delete Index Entry Root'), (1073306, 'Initialize File Record Segment', 'No-Operation'), (1073351, 'Create Attribute', 'Delete Attribute'), (1073366, 'Delete Attribute', 'Create Attribute'), (1073381, 'unknown', 'No-Operation'), (1073392, 'Create Attribute', 'Delete Attribute'), (1073413, 'Create Attribute', 'Delete Attribute'), (1073432, 'Update Resident Value', 'Update Resident Value'), (1073459, 'Delete Attribute', 'Create Attribute'), (1073480, 'Create Attribute', 'Delete Attribute'), (1073502, 'Update Resident Value', 'Update Resident Value'), (1073523, 'Forget Transaction', 'Compensation Log Record')]"
1082207,True,2,94,"64-10, 64-11",1082207,1082234,Update Resident Value,Update Resident Value,Forget Transaction,Compensation Log Record,,,[],[],[],"[(1082207, 'Update Resident Value', 'Update Resident Value'), (1082234, 'Forget Transaction', 'Compensation Log Record')]"
1079904,True,2,76,"60-6, 60-7",1079904,1079917,Update Resident Value,Update Resident Value,Forget Transaction,Compensation Log Record,,,[],[],[],"[(1079904, 'Update Resident Value', 'Update Resident Value'), (1079917, 'Forget Transaction', 'Compensation Log Record')]"
1074531,True,2,128,"49-22, 49-23",1074531,1074556,Update File Name Allocation,Update File Name Allocation,Forget Transaction,Compensation Log Record,,,[],[],[],"[(1074531, 'Update File Name Allocation', 'Update File Name Allocation'), (1074556, 'Forget Transaction', 'Compensation Log Record')]"
1077860,True,2,75,"56-7, 56-8",1077860,1077885,Update File Name Root,Update File Name Root,Forget Transaction,Compensation Log Record,,,[],[],[],"[(1077860, 'Update File Name Root', 'Update File Name Root'), (1077885, 'Forget Transaction', 'Compensation Log Record')]"
1069925,True,10,67,"40-5, 40-6, 40-7, 40-8, 40-9, 40-10, 40-11, 40-12, 40-13, 40-14",1069752,1069942,Set New Attribute Sizes,Set New Attribute Sizes,Forget Transaction,Compensation Log Record,,,[],[],[],"[(1069752, 'Set New Attribute Sizes', 'Set New Attribute Sizes'), (1069769, 'Update Nonresident Value', 'Update Nonresident Value'), (1069781, 'Set New Attribute Sizes', 'Set New Attribute Sizes'), (1069798, 'Update Nonresident Value', 'Update Nonresident Value'), (1069810, 'Update Nonresident Value', 'Update Nonresident Value'), (1069851, 'Update Nonresident Value', 'Update Nonresident Value'), (1069892, 'Set New Attribute Sizes', 'Set New Attribute Sizes'), (1069909, 'Add Index Entry Root', 'Delete Index Entry Root'), (1069925, 'Add Index Entry Root', 'Delete Index Entry Root'), (1069942, 'Forget Transaction', 'Compensation Log Record')]"
1072017,True,7,88,"44-14, 44-15, 44-16, 44-17, 44-18, 44-19, 44-20",1071897,1072034,Set New Attribute Sizes,Set New Attribute Sizes,Forget Transaction,Compensation Log Record,,,[],[],[],"[(1071897, 'Set New Attribute Sizes', 'Set New Attribute Sizes'), (1071914, 'Update Nonresident Value', 'Update Nonresident Value'), (1071949, 'Update Nonresident Value', 'Update Nonresident Value'), (1071984, 'Set New Attribute Sizes', 'Set New Attribute Sizes'), (1072001, 'Add Index Entry Root', 'Delete Index Entry Root'), (1072017, 'Add Index Entry Allocation', 'Delete Index Entry Allocation'), (1072034, 'Forget Transaction', 'Compensation Log Record')]"
1070794,True,17,130,"41-16, 41-17, 41-18, 41-19, 42-0, 42-1, 42-2, 42-3, 42-4, 42-5, 42-6, 42-7, 42-8, 42-9, 42-10, 42-11, 42-12",1070525,1070811,Set Bits in Nonresident Bitmap,Clear Bits in Nonresident Bitmap,Forget Transaction,Compensation Log Record,,,"[(1070608, 31, 1)]","[(1070652, 'Data'), (1070690, 'Data'), (1070705, 'Data'), (1070731, 'Data')]",[],"[(1070525, 'Set Bits in Nonresident Bitmap', 'Clear Bits in Nonresident Bitmap'), (1070537, 'No-Operation', 'Deallocate File Record Segment'), (1070549, 'Open Non Resident Attribute', 'No-Operation'), (1070566, 'No-Operation', 'No-Operation'), (1070577, 'Add Index Entry Root', 'Delete Index Entry Root'), (1070608, 'Initialize File Record Segment', 'No-Operation'), (1070652, 'Create Attribute', 'Delete Attribute'), (1070666, 'Update Resident Value', 'Update Resident Value'), (1070690, 'Create Attribute', 'Delete Attribute'), (1070705, 'Delete Attribute', 'Create Attribute'), (1070720, 'unknown', 'No-Operation'), (1070731, 'Create Attribute', 'Delete Attribute'), (1070752, 'Set Bits in Nonresident Bitmap', 'Clear Bits in Nonresident Bitmap'), (1070764, 'Set New Attribute Sizes', 'Set New Attribute Sizes'), (1070781, 'Update Mapping Pairs', 'Update Mapping Pairs'), (1070794, 'Set New Attribute Sizes', 'Set New Attribute Sizes'), (1070811, 'Forget Transaction', 'Compensation Log Record')]"
1079868,True,2,71,"60-4, 60-5",1079868,1079893,Update File Name Allocation,Update File Name Allocation,Forget Transaction,Compensation Log Record,,,[],[],[],"[(1079868, 'Update File Name Allocation', 'Update File Name Allocation'), (1079893, 'Forget Transaction', 'Compensation Log Record')]"
1075050,True,5,145,"50-18, 50-19, 50-20, 50-21, 50-22",1074983,1075069,Update Resident Value,Update Resident Value,Forget Transaction,Compensation Log Record,,,[],[],"[(1075029, 560)]","[(1074983, 'Update Resident Value', 'Update Resident Value'), (1075010, 'Set New Attribute Sizes', 'Set New Attribute Sizes'), (1075029, 'Update Nonresident Value', 'No-Operation'), (1075050, 'Set New Attribute Sizes', 'Set New Attribute Sizes'), (1075069, 'Forget Transaction', 'Compensation Log Record')]"
1076080,True,5,78,"52-16, 52-17, 52-18, 52-19, 52-20",1076018,1076099,Update Resident Value,Update Resident Value,Forget Transaction,Compensation Log Record,,,[],[],"[(1076058, 960)]","[(1076018, 'Update Resident Value', 'Update Resident Value'), (1076039, 'Set New Attribute Sizes', 'Set New Attribute Sizes'), (1076058, 'Update Nonresident Value', 'No-Operation'), (1076080, 'Set New Attribute Sizes', 'Set New Attribute Sizes'), (1076099, 'Forget Transaction', 'Compensation Log Record')]"
1080689,True,8,34,"61-3, 61-4, 61-5, 61-6, 61-7, 61-8, 61-9, 61-10",1080544,1080708,Set Bits in Nonresident Bitmap,Clear Bits in Nonresident Bitmap,Forget Transaction,Compensation Log Record,,,"[(1080595, 41, 1)]",[],"[(1080665, 3064)]","[(1080544, 'Set Bits in Nonresident Bitmap', 'Clear Bits in Nonresident Bitmap'), (1080556, 'No-Operation', 'Deallocate File Record Segment'), (1080568, 'Add Index Entry Allocation', 'Delete Index Entry Allocation'), (1080595, 'Initialize File Record Segment', 'No-Operation'), (1080646, 'Set New Attribute Sizes', 'Set New Attribute Sizes'), (1080665, 'Update Nonresident Value', 'No-Operation'), (1080689, 'Set New Attribute Sizes', 'Set New Attribute Sizes'), (1080708, 'Forget Transaction', 'Compensation Log Record')]"
1085298,True,2,147,"70-13, 70-14",1085298,1085323,Update File Name Allocation,Update File Name Allocation,Forget Transaction,Compensation Log Record,,,[],[],[],"[(1085298, 'Update File Name Allocation', 'Update File Name Allocation'), (1085323, 'Forget Transaction', 'Compensation Log Record')]"
1079156,True,9,51,"58-10, 58-11, 58-12, 58-13, 58-14, 58-15, 58-16, 58-17, 58-18",1079002,1079175,Set Bits in Nonresident Bitmap,Clear Bits in Nonresident Bitmap,Forget Transaction,Compensation Log Record,,,"[(1079062, 40, 1)]",[],"[(1079135, 2424)]","[(1079002, 'Set Bits in Nonresident Bitmap', 'Clear Bits in Nonresident Bitmap'), (1079014, 'No-Operation', 'Deallocate File Record Segment'), (1079026, 'Set Bits in Nonresident Bitmap', 'Clear Bits in Nonresident Bitmap'), (1079038, 'Add Index Entry Allocation', 'Delete Index Entry Allocation'), (1079062, 'Initialize File Record Segment', 'No-Operation'), (1079116, 'Set New Attribute Sizes', 'Set New Attribute Sizes'), (1079135, 'Update Nonresident Value', 'No-Operation'), (1079156, 'Set New Attribute Sizes', 'Set New Attribute Sizes'), (1079175, 'Forget Transaction', 'Compensation Log Record')]"
1079657,True,2,52,"59-20, 59-21",1079657,1079682,Update File Name Allocation,Update File Name Allocation,Forget Transaction,Compensation Log Record,,,[],[],[],"[(1079657, 'Update File Name Allocation', 'Update File Name Allocation'), (1079682, 'Forget Transaction', 'Compensation Log Record')]"
1079928,True,2,77,"60-8, 60-9",1079928,1079953,Update File Name Allocation,Update File Name Allocation,Forget Transaction,Compensation Log Record,,,[],[],[],"[(1079928, 'Update File Name Allocation', 'Update File Name Allocation'), (1079953, 'Forget Transaction', 'Compensation Log Record')]"
1081721,True,7,43,"63-15, 63-16, 63-17, 63-18, 63-19, 63-20, 63-21",1081612,1081734,Update Resident Value,Update Resident Value,Forget Transaction,Compensation Log Record,,,[],[],"[(1081681, 3616)]","[(1081612, 'Update Resident Value', 'Update Resident Value'), (1081637, 'Update File Name Allocation', 'Update File Name Allocation'), (1081662, 'Set New Attribute Sizes', 'Set New Attribute Sizes'), (1081681, 'Update Nonresident Value', 'No-Operation'), (1081702, 'Set New Attribute Sizes', 'Set New Attribute Sizes'), (1081721, 'Update Resident Value', 'Update Resident Value'), (1081734, 'Forget Transaction', 'Compensation Log Record')]"
1083516,True,3,26,"67-6, 67-7, 67-8",1083489,1083541,Update Resident Value,Update Resident Value,Forget Transaction,Compensation Log Record,,,[],[],[],"[(1083489, 'Update Resident Value', 'Update Resident Value'), (1083516, 'Update File Name Allocation', 'Update File Name Allocation'), (1083541, 'Forget Transaction', 'Compensation Log Record')]"
1073534,True,2,54,"47-17, 47-18",1073534,1073559,Update File Name Root,Update File Name Root,Forget Transaction,Compensation Log Record,,,[],[],[],"[(1073534, 'Update File Name Root', 'Update File Name Root'), (1073559, 'Forget Transaction', 'Compensation Log Record')]"
1075140,True,2,151,"50-27, 50-28",1075140,1075165,Update File Name Allocation,Update File Name Allocation,Forget Transaction,Compensation Log Record,,,[],[],[],"[(1075140, 'Update File Name Allocation', 'Update File Name Allocation'), (1075165, 'Forget Transaction', 'Compensation Log Record')]"
1069953,True,2,99,"40-15, 40-16",1069953,1069974,Update Resident Value,Update Resident Value,Forget Transaction,Compensation Log Record,,,[],[],[],"[(1069953, 'Update Resident Value', 'Update Resident Value'), (1069974, 'Forget Transaction', 'Compensation Log Record')]"
1077123,True,5,107,"54-15, 54-16, 54-17, 54-18, 54-19",1077053,1077142,Update Resident Value,Update Resident Value,Forget Transaction,Compensation Log Record,,,[],[],"[(1077093, 1440)]","[(1077053, 'Update Resident Value', 'Update Resident Value'), (1077074, 'Set New Attribute Sizes', 'Set New Attribute Sizes'), (1077093, 'Update Nonresident Value', 'No-Operation'), (1077123, 'Set New Attribute Sizes', 'Set New Attribute Sizes'), (1077142, 'Forget Transaction', 'Compensation Log Record')]"
1082245,True,2,97,"64-12, 64-13",1082245,1082270,Update File Name Allocation,Update File Name Allocation,Forget Transaction,Compensation Log Record,,,[],[],[],"[(1082245, 'Update File Name Allocation', 'Update File Name Allocation'), (1082270, 'Forget Transaction', 'Compensation Log Record')]"
1081480,True,7,13,"63-2, 63-3, 63-4, 63-5, 63-6, 63-7, 63-8",1081371,1081493,Update Resident Value,Update Resident Value,Forget Transaction,Compensation Log Record,,,[],[],"[(1081440, 3456)]","[(1081371, 'Update Resident Value', 'Update Resident Value'), (1081396, 'Update File Name Allocation', 'Update File Name Allocation'), (1081421, 'Set New Attribute Sizes', 'Set New Attribute Sizes'), (1081440, 'Update Nonresident Value', 'No-Operation'), (1081461, 'Set New Attribute Sizes', 'Set New Attribute Sizes'), (1081480, 'Update Resident Value', 'Update Resident Value'), (1081493, 'Forget Transaction', 'Compensation Log Record')]"
1070217,True,9,100,"40-17, 40-18, 40-19, 40-20, 41-1, 41-2, 41-3, 41-4, 41-5",1069985,1070238,Set Bits in Nonresident Bitmap,Clear Bits in Nonresident Bitmap,Forget Transaction,Compensation Log Record,,,"[(1070032, 29, 1), (1070163, 29, 1)]","[(1070088, 'IndexRoot')]",[],"[(1069985, 'Set Bits in Nonresident Bitmap', 'Clear Bits in Nonresident Bitmap'), (1069997, 'No-Operation', 'Deallocate File Record Segment'), (1070009, 'Add Index Entry Root', 'Delete Index Entry Root'), (1070032, 'Initialize File Record Segment', 'No-Operation'), (1070088, 'Create Attribute', 'Delete Attribute'), (1070109, 'No-Operation', 'Initialize File Record Segment'), (1070163, 'Initialize File Record Segment', 'No-Operation'), (1070217, 'Update Resident Value', 'Update Resident Value'), (1070238, 'Forget Transaction', 'Compensation Log Record')]"
1082765,True,3,49,"65-14, 65-15, 65-16",1082738,1082790,Update Resident Value,Update Resident Value,Forget Transaction,Compensation Log Record,,,[],[],[],"[(1082738, 'Update Resident Value', 'Update Resident Value'), (1082765, 'Update File Name Allocation', 'Update File Name Allocation'), (1082790, 'Forget Transaction', 'Compensation Log Record')]"
1076110,True,2,98,"52-21, 52-22",1076110,1076135,Update File Name Allocation,Update File Name Allocation,Forget Transaction,Compensation Log Record,,,[],[],[],"[(1076110, 'Update File Name Allocation', 'Update File Name Allocation'), (1076135, 'Forget Transaction', 'Compensation Log Record')]"
1078885,True,3,21,"58-2, 58-3, 58-4",1078858,1078910,Update Resident Value,Update Resident Value,Forget Transaction,Compensation Log Record,,,[],[],[],"[(1078858, 'Update Resident Value', 'Update Resident Value'), (1078885, 'Update File Name Allocation', 'Update File Name Allocation'), (1078910, 'Forget Transaction', 'Compensation Log Record')]"
1085208,True,4,81,"70-5, 70-6, 70-7, 70-8",1085167,1085227,Set New Attribute Sizes,Set New Attribute Sizes,Forget Transaction,Compensation Log Record,,,[],[],"[(1085186, 4656)]","[(1085167, 'Set New Attribute Sizes', 'Set New Attribute Sizes'), (1085186, 'Update Nonresident Value', 'No-Operation'), (1085208, 'Set New Attribute Sizes', 'Set New Attribute Sizes'), (1085227, 'Forget Transaction', 'Compensation Log Record')]"
1077512,True,10,10,"55-3, 55-4, 55-5, 55-6, 55-7, 55-8, 55-9, 55-10, 55-11, 55-12",1077289,1077529,Set New Attribute Sizes,Set New Attribute Sizes,Forget Transaction,Compensation Log Record,,,[],[],[],"[(1077289, 'Set New Attribute Sizes', 'Set New Attribute Sizes'), (1077306, 'Update Nonresident Value', 'Update Nonresident Value'), (1077319, 'Set New Attribute Sizes', 'Set New Attribute Sizes'), (1077336, 'Update Nonresident Value', 'Update Nonresident Value'), (1077349, 'Update Nonresident Value', 'Update Nonresident Value'), (1077414, 'Update Nonresident Value', 'Update Nonresident Value'), (1077479, 'Set New Attribute Sizes', 'Set New Attribute Sizes'), (1077496, 'Add Index Entry Allocation', 'Delete Index Entry Allocation'), (1077512, 'Add Index Entry Allocation', 'Delete Index Entry Allocation'), (1077529, 'Forget Transaction', 'Compensation Log Record')]"
1072276,True,3,116,"45-7, 45-8, 45-9",1072255,1072301,Update Resident Value,Update Resident Value,Forget Transaction,Compensation Log Record,,,[],[],[],"[(1072255, 'Update Resident Value', 'Update Resident Value'), (1072276, 'Update File Name Allocation', 'Update File Name Allocation'), (1072301, 'Forget Transaction', 'Compensation Log Record')]"
1076206,True,5,102,"52-23, 52-24, 52-25, 52-26, 53-1",1076146,1076232,Set New Attribute Sizes,Set New Attribute Sizes,Forget Transaction,Compensation Log Record,,,[],[],"[(1076165, 1048)]","[(1076146, 'Set New Attribute Sizes', 'Set New Attribute Sizes'), (1076165, 'Update Nonresident Value', 'No-Operation'), (1076187, 'Set New Attribute Sizes', 'Set New Attribute Sizes'), (1076206, 'Update Resident Value', 'Update Resident Value'), (1076232, 'Forget Transaction', 'Compensation Log Record')]"
1085334,True,2,6,"70-15, 70-16",1085334,1085359,Update File Name Allocation,Update File Name Allocation,Forget Transaction,Compensation Log Record,,,[],[],[],"[(1085334, 'Update File Name Allocation', 'Update File Name Allocation'), (1085359, 'Forget Transaction', 'Compensation Log Record')]"
1085764,True,8,38,"71-5, 71-6, 71-7, 71-8, 71-9, 71-10, 71-11, 71-12",1085650,1085783,Delete Index Entry Allocation,Add Index Entry Allocation,Forget Transaction,Compensation Log Record,,,[],[],"[(1085742, 4832)]","[(1085650, 'Delete Index Entry Allocation', 'Add Index Entry Allocation'), (1085675, 'Delete Index Entry Root', 'Add Index Entry Root'), (1085697, 'Deallocate File Record Segment', 'Initialize File Record Segment'), (1085711, 'Clear Bits in Nonresident Bitmap', 'Set Bits in Nonresident Bitmap'), (1085723, 'Set New Attribute Sizes', 'Set New Attribute Sizes'), (1085742, 'Update Nonresident Value', 'No-Operation'), (1085764, 'Set New Attribute Sizes', 'Set New Attribute Sizes'), (1085783, 'Forget Transaction', 'Compensation Log Record')]"
1070490,True,10,119,"41-6, 41-7, 41-8, 41-9, 41-10, 41-11, 41-12, 41-13, 41-14, 41-15",1070249,1070514,Set Bits in Nonresident Bitmap,Clear Bits in Nonresident Bitmap,Forget Transaction,Compensation Log Record,,,"[(1070296, 30, 1), (1070415, 30, 1)]","[(1070340, 'IndexRoot'), (1070490, 'LoggedUtilityStream')]",[],"[(1070249, 'Set Bits in Nonresident Bitmap', 'Clear Bits in Nonresident Bitmap'), (1070261, 'No-Operation', 'Deallocate File Record Segment'), (1070273, 'Add Index Entry Root', 'Delete Index Entry Root'), (1070296, 'Initialize File Record Segment', 'No-Operation'), (1070340, 'Create Attribute', 'Delete Attribute'), (1070361, 'No-Operation', 'Initialize File Record Segment'), (1070415, 'Initialize File Record Segment', 'No-Operation'), (1070469, 'Update Resident Value', 'Update Resident Value'), (1070490, 'Create Attribute', 'Delete Attribute'), (1070514, 'Forget Transaction', 'Compensation Log Record')]"
1078172,True,5,95,"56-21, 56-22, 56-23, 56-24, 56-25",1078112,1078185,Set New Attribute Sizes,Set New Attribute Sizes,Forget Transaction,Compensation Log Record,,,[],[],"[(1078131, 2096)]","[(1078112, 'Set New Attribute Sizes', 'Set New Attribute Sizes'), (1078131, 'Update Nonresident Value', 'No-Operation'), (1078153, 'Set New Attribute Sizes', 'Set New Attribute Sizes'), (1078172, 'Update Resident Value', 'Update Resident Value'), (1078185, 'Forget Transaction', 'Compensation Log Record')]"
1074847,True,6,12,"50-6, 50-7, 50-8, 50-9, 50-10, 50-11",1074783,1074866,Update Resident Value,Update Resident Value,Forget Transaction,Compensation Log Record,,,[],[],"[(1074826, 400)]","[(1074783, 'Update Resident Value', 'Update Resident Value'), (1074794, 'Update Resident Value', 'Update Resident Value'), (1074807, 'Set New Attribute Sizes', 'Set New Attribute Sizes'), (1074826, 'Update Nonresident Value', 'No-Operation'), (1074847, 'Set New Attribute Sizes', 'Set New Attribute Sizes'), (1074866, 'Forget Transaction', 'Compensation Log Record')]"
1069728,True,147,2,"33-2, 33-3, 33-4, 33-5, 33-6, 33-7, 33-8, 33-9, 33-10, 33-11, 33-12, 33-13, 33-14, 33-15, 34-1, 34-2, 34-3, 34-4, 34-5, 34-6, 34-7, 34-8, 34-9, 34-10, 34-11, 34-12, 34-13, 34-14, 34-15, 34-16, 34-17, 34-18, 34-19, 34-20, 34-21, 34-22, 34-23, 34-24, 34-25, 35-0, 35-1, 35-2, 35-3, 35-4, 35-5, 35-6, 35-7, 35-8, 35-9, 35-10, 35-11, 35-12, 35-13, 35-14, 35-15, 35-16, 35-17, 36-0, 36-1, 36-2, 36-3, 36-4, 36-5, 36-6, 36-7, 36-8, 36-9, 36-10, 36-11, 36-12, 36-13, 36-14, 36-15, 36-16, 36-17, 36-18, 36-19, 36-20, 37-0, 37-1, 37-2, 37-3, 37-4, 37-5, 37-6, 37-7, 37-8, 37-9, 37-10, 37-11, 37-12, 37-13, 37-14, 37-15, 37-16, 37-17, 37-18, 37-19, 37-20, 37-21, 37-22, 37-23, 37-24, 37-25, 38-0, 38-1, 38-2, 38-3, 38-4, 38-5, 38-6, 38-7, 38-8, 38-9, 38-10, 38-11, 38-12, 38-13, 38-14, 38-15, 38-16, 38-17, 38-18, 38-19, 38-20, 38-21, 39-0, 39-1, 39-2, 39-3, 39-4, 39-5, 39-6, 39-7, 39-8, 39-9, 39-10, 39-11, 39-12, 39-13, 39-14, 39-15, 40-0, 40-1, 40-2, 40-3, 40-4",1066012,1069741,Open Non Resident Attribute,No-Operation,Forget Transaction,Compensation Log Record,,,"[(1066138, 9, 9), (1066424, 11, 11), (1066741, 24, 1), (1066860, 24, 1), (1067104, 25, 1), (1067223, 25, 1), (1067325, 26, 1), (1067446, 26, 1), (1067557, 27, 1), (1067678, 27, 1), (1067808, 28, 1)]","[(1066028, 'Data'), (1066043, 'IndexRoot'), (1066212, 'IndexRoot'), (1066275, 'Data'), (1066289, 'FileName'), (1066336, 'IndexRoot'), (1066785, 'IndexRoot'), (1066914, 'IndexRoot'), (1067148, 'IndexRoot'), (1067370, 'IndexRoot'), (1067602, 'IndexRoot'), (1067852, 'Data'), (1067869, 'Data'), (1067883, 'Data'), (1067908, 'Data'), (1067928, 'Data'), (1067948, 'Data'), (1067985, 'FileName'), (1068009, 'FileName'), (1068064, 'unkown'), (1068117, 'Data'), (1068143, 'Data'), (1068462, 'unkown'), (1068532, 'unkown'), (1068610, 'unkown'), (1068680, 'unkown'), (1068750, 'unkown'), (1069010, 'unkown'), (1069088, 'unkown'), (1069209, 'unkown'), (1069291, 'Data'), (1069323, 'Data')]",[],"[(1066012, 'Open Non Resident Attribute', 'No-Operation'), (1066028, 'Create Attribute', 'Delete Attribute'), (1066043, 'Create Attribute', 'Delete Attribute'), (1066064, 'No-Operation', 'Initialize File Record Segment'), (1066138, 'Initialize File Record Segment', 'No-Operation'), (1066212, 'Create Attribute', 'Delete Attribute'), (1066233, 'Open Non Resident Attribute', 'No-Operation'), (1066250, 'Update File Name Allocation', 'Update File Name Allocation'), (1066275, 'Delete Attribute', 'Create Attribute'), (1066289, 'Create Attribute', 'Delete Attribute'), (1066313, 'Add Index Entry Allocation', 'Delete Index Entry Allocation'), (1066336, 'Create Attribute', 'Delete Attribute'), (1066357, 'No-Operation', 'Initialize File Record Segment'), (1066424, 'Initialize File Record Segment', 'No-Operation'), (1066504, 'Open Non Resident Attribute', 'No-Operation'), (1066520, 'Set Bits in Nonresident Bitmap', 'Clear Bits in Nonresident Bitmap'), (1066532, 'Set New Attribute Sizes', 'Set New Attribute Sizes'), (1066549, 'Update Mapping Pairs', 'Update Mapping Pairs'), (1066562, 'Set New Attribute Sizes', 'Set New Attribute Sizes'), (1066579, 'Set Bits in Nonresident Bitmap', 'Clear Bits in Nonresident Bitmap'), (1066591, 'Set New Attribute Sizes', 'Set New Attribute Sizes'), (1066608, 'Update Mapping Pairs', 'Update Mapping Pairs'), (1066622, 'Set New Attribute Sizes', 'Set New Attribute Sizes'), (1066639, 'No-Operation', 'Compensation Log Record'), (1066650, 'Open Non Resident Attribute', 'No-Operation'), (1066666, 'Set Bits in Nonresident Bitmap', 'Clear Bits in Nonresident Bitmap'), (1066678, 'No-Operation', 'Deallocate File Record Segment'), (1066690, 'Open Non Resident Attribute', 'No-Operation'), (1066707, 'No-Operation', 'No-Operation'), (1066718, 'Add Index Entry Root', 'Delete Index Entry Root'), (1066741, 'Initialize File Record Segment', 'No-Operation'), (1066785, 'Create Attribute', 'Delete Attribute'), (1066806, 'No-Operation', 'Initialize File Record Segment'), (1066860, 'Initialize File Record Segment', 'No-Operation'), (1066914, 'Create Attribute', 'Delete Attribute'), (1066935, 'Open Non Resident Attribute', 'No-Operation'), (1066952, 'No-Operation', 'No-Operation'), (1066963, 'Add Index Entry Root', 'Delete Index Entry Root'), (1066983, 'Open Non Resident Attribute', 'No-Operation'), (1067000, 'No-Operation', 'No-Operation'), (1067019, 'Add Index Entry Root', 'Delete Index Entry Root'), (1067035, 'Add Index Entry Root', 'Delete Index Entry Root'), (1067057, 'Set Bits in Nonresident Bitmap', 'Clear Bits in Nonresident Bitmap'), (1067069, 'No-Operation', 'Deallocate File Record Segment'), (1067081, 'Add Index Entry Root', 'Delete Index Entry Root'), (1067104, 'Initialize File Record Segment', 'No-Operation'), (1067148, 'Create Attribute', 'Delete Attribute'), (1067169, 'No-Operation', 'Initialize File Record Segment'), (1067223, 'Initialize File Record Segment', 'No-Operation'), (1067277, 'Set Bits in Nonresident Bitmap', 'Clear Bits in Nonresident Bitmap'), (1067289, 'No-Operation', 'Deallocate File Record Segment'), (1067301, 'Add Index Entry Root', 'Delete Index Entry Root'), (1067325, 'Initialize File Record Segment', 'No-Operation'), (1067370, 'Create Attribute', 'Delete Attribute'), (1067391, 'No-Operation', 'Initialize File Record Segment'), (1067446, 'Initialize File Record Segment', 'No-Operation'), (1067501, 'Set Bits in Nonresident Bitmap', 'Clear Bits in Nonresident Bitmap'), (1067513, 'No-Operation', 'Deallocate File Record Segment'), (1067533, 'Add Index Entry Root', 'Delete Index Entry Root'), (1067557, 'Initialize File Record Segment', 'No-Operation'), (1067602, 'Create Attribute', 'Delete Attribute'), (1067623, 'No-Operation', 'Initialize File Record Segment'), (1067678, 'Initialize File Record Segment', 'No-Operation'), (1067733, 'Set Bits in Nonresident Bitmap', 'Clear Bits in Nonresident Bitmap'), (1067745, 'No-Operation', 'Deallocate File Record Segment'), (1067757, 'Open Non Resident Attribute', 'No-Operation'), (1067774, 'No-Operation', 'No-Operation'), (1067785, 'Add Index Entry Root', 'Delete Index Entry Root'), (1067808, 'Initialize File Record Segment', 'No-Operation'), (1067852, 'Create Attribute', 'Delete Attribute'), (1067869, 'Create Attribute', 'Delete Attribute'), (1067883, 'Delete Attribute', 'Create Attribute'), (1067897, 'unknown', 'No-Operation'), (1067908, 'Create Attribute', 'Delete Attribute'), (1067928, 'Create Attribute', 'Delete Attribute'), (1067948, 'Delete Attribute', 'Create Attribute'), (1067962, 'Delete Index Entry Allocation', 'Add Index Entry Allocation'), (1067985, 'Delete Attribute', 'Create Attribute'), (1068009, 'Create Attribute', 'Delete Attribute'), (1068041, 'Add Index Entry Allocation', 'Delete Index Entry Allocation'), (1068064, 'Delete Attribute', 'Create Attribute'), (1068091, 'Update Resident Value', 'Update Resident Value'), (1068117, 'Delete Attribute', 'Create Attribute'), (1068132, 'unknown', 'No-Operation'), (1068143, 'Create Attribute', 'Delete Attribute'), (1068164, 'Set Bits in Nonresident Bitmap', 'Clear Bits in Nonresident Bitmap'), (1068176, 'Set New Attribute Sizes', 'Set New Attribute Sizes'), (1068193, 'Update Mapping Pairs', 'Update Mapping Pairs'), (1068206, 'Set New Attribute Sizes', 'Set New Attribute Sizes'), (1068223, 'Set New Attribute Sizes', 'Set New Attribute Sizes'), (1068240, 'Open Non Resident Attribute', 'No-Operation'), (1068257, 'Update Nonresident Value', 'Update Nonresident Value'), (1068298, 'Update Nonresident Value', 'Update Nonresident Value'), (1068339, 'Set New Attribute Sizes', 'Set New Attribute Sizes'), (1068356, 'Open Non Resident Attribute', 'No-Operation'), (1068373, 'No-Operation', 'No-Operation'), (1068384, 'Add Index Entry Root', 'Delete Index Entry Root'), (1068400, 'Open Non Resident Attribute', 'No-Operation'), (1068417, 'No-Operation', 'No-Operation'), (1068428, 'Add Index Entry Root', 'Delete Index Entry Root'), (1068445, 'Update Resident Value', 'Update Resident Value'), (1068462, 'Delete Attribute', 'Create Attribute'), (1068489, 'Update Resident Value', 'Update Resident Value'), (1068515, 'Update Resident Value', 'Update Resident Value'), (1068532, 'Delete Attribute', 'Create Attribute'), (1068567, 'Update Resident Value', 'Update Resident Value'), (1068593, 'Update Resident Value', 'Update Resident Value'), (1068610, 'Delete Attribute', 'Create Attribute'), (1068637, 'Update Resident Value', 'Update Resident Value'), (1068663, 'Update Resident Value', 'Update Resident Value'), (1068680, 'Delete Attribute', 'Create Attribute'), (1068707, 'Update Resident Value', 'Update Resident Value'), (1068733, 'Update Resident Value', 'Update Resident Value'), (1068750, 'Delete Attribute', 'Create Attribute'), (1068777, 'Update Resident Value', 'Update Resident Value'), (1068803, 'Set New Attribute Sizes', 'Set New Attribute Sizes'), (1068820, 'Update Nonresident Value', 'Update Nonresident Value'), (1068832, 'Set New Attribute Sizes', 'Set New Attribute Sizes'), (1068849, 'Update Nonresident Value', 'Update Nonresident Value'), (1068861, 'Update Nonresident Value', 'Update Nonresident Value'), (1068902, 'Update Nonresident Value', 'Update Nonresident Value'), (1068943, 'Set New Attribute Sizes', 'Set New Attribute Sizes'), (1068960, 'Add Index Entry Root', 'Delete Index Entry Root'), (1068976, 'Add Index Entry Root', 'Delete Index Entry Root'), (1068993, 'Update Resident Value', 'Update Resident Value'), (1069010, 'Delete Attribute', 'Create Attribute'), (1069037, 'Update Resident Value', 'Update Resident Value'), (1069071, 'Update Resident Value', 'Update Resident Value'), (1069088, 'Delete Attribute', 'Create Attribute'), (1069115, 'Update Resident Value', 'Update Resident Value'), (1069141, 'Update Resident Value', 'Update Resident Value'), (1069158, 'Update Resident Value', 'Update Resident Value'), (1069175, 'Update Resident Value', 'Update Resident Value'), (1069192, 'Update Resident Value', 'Update Resident Value'), (1069209, 'Delete Attribute', 'Create Attribute'), (1069236, 'Update Resident Value', 'Update Resident Value'), (1069262, 'Update Resident Value', 'Update Resident Value'), (1069279, 'Clear Bits in Nonresident Bitmap', 'Set Bits in Nonresident Bitmap'), (1069291, 'Delete Attribute', 'Create Attribute'), (1069311, 'Set Bits in Nonresident Bitmap', 'Clear Bits in Nonresident Bitmap'), (1069323, 'Create Attribute', 'Delete Attribute'), (1069343, 'Open Non Resident Attribute', 'No-Operation'), (1069359, 'Update Nonresident Value', 'No-Operation'), (1069698, 'Set New Attribute Sizes', 'Set New Attribute Sizes'), (1069715, 'Update Resident Value', 'Update Resident Value'), (1069728, 'Update Resident Value', 'Update Resident Value'), (1069741, 'Forget Transaction', 'Compensation Log Record')]"
1077153,True,2,20,"54-20, 54-21",1077153,1077178,Update File Name Root,Update File Name Root,Forget Transaction,Compensation Log Record,,,[],[],[],"[(1077153, 'Update File Name Root', 'Update File Name Root'), (1077178, 'Forget Transaction', 'Compensation Log Record')]"
1078436,True,5,115,"57-7, 57-8, 57-9, 57-10, 57-11",1078376,1078449,Set New Attribute Sizes,Set New Attribute Sizes,Forget Transaction,Compensation Log Record,,,[],[],"[(1078395, 2272)]","[(1078376, 'Set New Attribute Sizes', 'Set New Attribute Sizes'), (1078395, 'Update Nonresident Value', 'No-Operation'), (1078417, 'Set New Attribute Sizes', 'Set New Attribute Sizes'), (1078436, 'Update Resident Value', 'Update Resident Value'), (1078449, 'Forget Transaction', 'Compensation Log Record')]"
1083761,True,11,40,"67-9, 67-10, 67-11, 67-12, 67-13, 67-14, 67-15, 67-16, 67-17, 67-18, 67-19",1083552,1083780,Delete Index Entry Allocation,Add Index Entry Allocation,Forget Transaction,Compensation Log Record,,,[],"[(1083579, 'FileName'), (1083607, 'FileName')]","[(1083677, 4200), (1083739, 4304)]","[(1083552, 'Delete Index Entry Allocation', 'Add Index Entry Allocation'), (1083579, 'Delete Attribute', 'Create Attribute'), (1083607, 'Create Attribute', 'Delete Attribute'), (1083633, 'Add Index Entry Allocation', 'Delete Index Entry Allocation'), (1083658, 'Set New Attribute Sizes', 'Set New Attribute Sizes'), (1083677, 'Update Nonresident Value', 'No-Operation'), (1083701, 'Set New Attribute Sizes', 'Set New Attribute Sizes'), (1083720, 'Set New Attribute Sizes', 'Set New Attribute Sizes'), (1083739, 'Update Nonresident Value', 'No-Operation'), (1083761, 'Set New Attribute Sizes', 'Set New Attribute Sizes'), (1083780, 'Forget Transaction', 'Compensation Log Record')]"
1082281,True,2,105,"64-14, 64-15",1082281,1082306,Update File Name Allocation,Update File Name Allocation,Forget Transaction,Compensation Log Record,,,[],[],[],"[(1082281, 'Update File Name Allocation', 'Update File Name Allocation'), (1082306, 'Forget Transaction', 'Compensation Log Record')]"
1083818,True,3,46,"67-20, 67-21, 67-22",1083791,1083843,Update Resident Value,Update Resident Value,Forget Transaction,Compensation Log Record,,,[],[],[],"[(1083791, 'Update Resident Value', 'Update Resident Value'), (1083818, 'Update File Name Allocation', 'Update File Name Allocation'), (1083843, 'Forget Transaction', 'Compensation Log Record')]"
1084075,True,6,73,"68-6, 68-7, 68-8, 68-9, 68-10, 68-11",1083996,1084094,Add Index Entry Root,Delete Index Entry Root,Forget Transaction,Compensation Log Record,,,[],"[(1084018, 'ObjectID')]","[(1084053, 4480)]","[(1083996, 'Add Index Entry Root', 'Delete Index Entry Root'), (1084018, 'Create Attribute', 'Delete Attribute'), (1084034, 'Set New Attribute Sizes', 'Set New Attribute Sizes'), (1084053, 'Update Nonresident Value', 'No-Operation'), (1084075, 'Set New Attribute Sizes', 'Set New Attribute Sizes'), (1084094, 'Forget Transaction', 'Compensation Log Record')]"
1075116,True,2,133,"50-25, 50-26",1075116,1075129,Update Resident Value,Update Resident Value,Forget Transaction,Compensation Log Record,,,[],[],[],"[(1075116, 'Update Resident Value', 'Update Resident Value'), (1075129, 'Forget Transaction', 'Compensation Log Record')]"
1074607,True,4,59,"49-24, 49-25, 49-26, 49-27",1074567,1074626,Set New Attribute Sizes,Set New Attribute Sizes,Forget Transaction,Compensation Log Record,,,[],[],"[(1074586, 240)]","[(1074567, 'Set New Attribute Sizes', 'Set New Attribute Sizes'), (1074586, 'Update Nonresident Value', 'No-Operation'), (1074607, 'Set New Attribute Sizes', 'Set New Attribute Sizes'), (1074626, 'Forget Transaction', 'Compensation Log Record')]"
1070822,True,2,142,"42-13, 42-14",1070822,1070839,Set New Attribute Sizes,Set New Attribute Sizes,Forget Transaction,Compensation Log Record,,,[],[],[],"[(1070822, 'Set New Attribute Sizes', 'Set New Attribute Sizes'), (1070839, 'Forget Transaction', 'Compensation Log Record')]"
1083316,True,8,104,"66-4, 66-5, 66-6, 66-7, 66-8, 66-9, 66-10, 66-11",1083171,1083335,Set Bits in Nonresident Bitmap,Clear Bits in Nonresident Bitmap,Forget Transaction,Compensation Log Record,,,"[(1083222, 41, 2)]",[],"[(1083292, 3936)]","[(1083171, 'Set Bits in Nonresident Bitmap', 'Clear Bits in Nonresident Bitmap'), (1083183, 'No-Operation', 'Deallocate File Record Segment'), (1083195, 'Add Index Entry Allocation', 'Delete Index Entry Allocation'), (1083222, 'Initialize File Record Segment', 'No-Operation'), (1083273, 'Set New Attribute Sizes', 'Set New Attribute Sizes'), (1083292, 'Update Nonresident Value', 'No-Operation'), (1083316, 'Set New Attribute Sizes', 'Set New Attribute Sizes'), (1083335, 'Forget Transaction', 'Compensation Log Record')]"
1078046,True,5,83,"56-14, 56-15, 56-16, 56-17, 56-18",1077980,1078065,Update Resident Value,Update Resident Value,Forget Transaction,Compensation Log Record,,,[],[],"[(1078024, 2008)]","[(1077980, 'Update Resident Value', 'Update Resident Value'), (1078005, 'Set New Attribute Sizes', 'Set New Attribute Sizes'), (1078024, 'Update Nonresident Value', 'No-Operation'), (1078046, 'Set New Attribute Sizes', 'Set New Attribute Sizes'), (1078065, 'Forget Transaction', 'Compensation Log Record')]"
1081270,True,11,131,"62-6, 62-7, 62-8, 62-9, 62-10, 62-11, 62-12, 62-13, 62-14, 62-15, 62-16",1081064,1081289,Delete Index Entry Allocation,Add Index Entry Allocation,Forget Transaction,Compensation Log Record,,,[],"[(1081091, 'FileName'), (1081119, 'FileName')]","[(1081187, 3272), (1081249, 3376)]","[(1081064, 'Delete Index Entry Allocation', 'Add Index Entry Allocation'), (1081091, 'Delete Attribute', 'Create Attribute'), (1081119, 'Create Attribute', 'Delete Attribute'), (1081144, 'Add Index Entry Allocation', 'Delete Index Entry Allocation'), (1081168, 'Set New Attribute Sizes', 'Set New Attribute Sizes'), (1081187, 'Update Nonresident Value', 'No-Operation'), (1081211, 'Set New Attribute Sizes', 'Set New Attribute Sizes'), (1081230, 'Set New Attribute Sizes', 'Set New Attribute Sizes'), (1081249, 'Update Nonresident Value', 'No-Operation'), (1081270, 'Set New Attribute Sizes', 'Set New Attribute Sizes'), (1081289, 'Forget Transaction', 'Compensation Log Record')]"
1083465,True,8,15,"66-12, 66-13, 67-0, 67-1, 67-2, 67-3, 67-4, 67-5",1083346,1083478,Set New Attribute Sizes,Set New Attribute Sizes,Forget Transaction,Compensation Log Record,,,[],[],"[(1083422, 4096)]","[(1083346, 'Set New Attribute Sizes', 'Set New Attribute Sizes'), (1083365, 'Update Nonresident Value', 'No-Operation'), (1083376, 'Set New Attribute Sizes', 'Set New Attribute Sizes'), (1083403, 'Set New Attribute Sizes', 'Set New Attribute Sizes'), (1083422, 'Update Nonresident Value', 'No-Operation'), (1083446, 'Set New Attribute Sizes', 'Set New Attribute Sizes'), (1083465, 'Update Resident Value', 'Update Resident Value'), (1083478, 'Forget Transaction', 'Compensation Log Record')]"
1072312,True,2,120,"45-10, 45-11",1072312,1072337,Update File Name Allocation,Update File Name Allocation,Forget Transaction,Compensation Log Record,,,[],[],[],"[(1072312, 'Update File Name Allocation', 'Update File Name Allocation'), (1072337, 'Forget Transaction', 'Compensation Log Record')]"
1071801,True,18,47,"43-17, 43-18, 43-19, 43-20, 43-21, 43-22, 43-23, 43-24, 44-0, 44-1, 44-2, 44-3, 44-4, 44-5, 44-6, 44-7, 44-8, 44-9",1071429,1071818,Set New Attribute Sizes,Set New Attribute Sizes,Forget Transaction,Compensation Log Record,,,[],"[(1071590, 'IndexRoot'), (1071661, 'IndexAllocation'), (1071682, 'Bitmap'), (1071779, 'IndexRoot')]",[],"[(1071429, 'Set New Attribute Sizes', 'Set New Attribute Sizes'), (1071446, 'Update Nonresident Value', 'Update Nonresident Value'), (1071458, 'Set New Attribute Sizes', 'Set New Attribute Sizes'), (1071475, 'Update Nonresident Value', 'Update Nonresident Value'), (1071487, 'Update Nonresident Value', 'Update Nonresident Value'), (1071522, 'Update Nonresident Value', 'Update Nonresident Value'), (1071557, 'Set New Attribute Sizes', 'Set New Attribute Sizes'), (1071574, 'Add Index Entry Root', 'Delete Index Entry Root'), (1071590, 'Delete Attribute', 'Create Attribute'), (1071649, 'Set Bits in Nonresident Bitmap', 'Clear Bits in Nonresident Bitmap'), (1071661, 'Create Attribute', 'Delete Attribute'), (1071682, 'Create Attribute', 'Delete Attribute'), (1071698, 'Update Resident Value', 'Update Resident Value'), (1071711, 'Set New Attribute Sizes', 'Set New Attribute Sizes'), (1071728, 'Update Nonresident Value', 'No-Operation'), (1071779, 'Create Attribute', 'Delete Attribute'), (1071801, 'Add Index Entry Allocation', 'Delete Index Entry Allocation'), (1071818, 'Forget Transaction', 'Compensation Log Record')]"
1079483,True,6,22,"59-6, 59-7, 59-8, 59-9, 59-10, 59-11",1079400,1079502,Create Attribute,Delete Attribute,Forget Transaction,Compensation Log Record,,,[],"[(1079400, 'Data')]","[(1079462, 2664)]","[(1079400, 'Create Attribute', 'Delete Attribute'), (1079418, 'Update Resident Value', 'Update Resident Value'), (1079443, 'Set New Attribute Sizes', 'Set New Attribute Sizes'), (1079462, 'Update Nonresident Value', 'No-Operation'), (1079483, 'Set New Attribute Sizes', 'Set New Attribute Sizes'), (1079502, 'Forget Transaction', 'Compensation Log Record')]"
1078460,True,2,121,"57-12, 57-13",1078460,1078477,Set New Attribute Sizes,Set New Attribute Sizes,Forget Transaction,Compensation Log Record,,,[],[],[],"[(1078460, 'Set New Attribute Sizes', 'Set New Attribute Sizes'), (1078477, 'Forget Transaction', 'Compensation Log Record')]"
1074877,True,2,24,"50-12, 50-13",1074877,1074902,Update File Name Allocation,Update File Name Allocation,Forget Transaction,Compensation Log Record,,,[],[],[],"[(1074877, 'Update File Name Allocation', 'Update File Name Allocation'), (1074902, 'Forget Transaction', 'Compensation Log Record')]"
1075904,True,8,69,"52-3, 52-4, 52-5, 52-6, 52-7, 52-8, 52-9, 52-10",1075758,1075923,Set Bits in Nonresident Bitmap,Clear Bits in Nonresident Bitmap,Forget Transaction,Compensation Log Record,,,"[(1075807, 37, 1)]",[],"[(1075882, 784)]","[(1075758, 'Set Bits in Nonresident Bitmap', 'Clear Bits in Nonresident Bitmap'), (1075770, 'No-Operation', 'Deallocate File Record Segment'), (1075782, 'Add Index Entry Allocation', 'Delete Index Entry Allocation'), (1075807, 'Initialize File Record Segment', 'No-Operation'), (1075863, 'Set New Attribute Sizes', 'Set New Attribute Sizes'), (1075882, 'Update Nonresident Value', 'No-Operation'), (1075904, 'Set New Attribute Sizes', 'Set New Attribute Sizes'), (1075923, 'Forget Transaction', 'Compensation Log Record')]"
1078978,True,5,141,"58-5, 58-6, 58-7, 58-8, 58-9",1078921,1078991,Set New Attribute Sizes,Set New Attribute Sizes,Forget Transaction,Compensation Log Record,,,[],[],"[(1078940, 2360)]","[(1078921, 'Set New Attribute Sizes', 'Set New Attribute Sizes'), (1078940, 'Update Nonresident Value', 'No-Operation'), (1078959, 'Set New Attribute Sizes', 'Set New Attribute Sizes'), (1078978, 'Update Resident Value', 'Update Resident Value'), (1078991, 'Forget Transaction', 'Compensation Log Record')]"
1076931,True,10,31,"54-0, 54-1, 54-2, 54-3, 54-4, 54-5, 54-6, 54-7, 54-8, 54-9",1076725,1076950,Set Bits in Nonresident Bitmap,Clear Bits in Nonresident Bitmap,Forget Transaction,Compensation Log Record,,,"[(1076818, 38, 1)]",[],"[(1076901, 1136)]","[(1076725, 'Set Bits in Nonresident Bitmap', 'Clear Bits in Nonresident Bitmap'), (1076745, 'No-Operation', 'Deallocate File Record Segment'), (1076757, 'Open Non Resident Attribute', 'No-Operation'), (1076774, 'No-Operation', 'No-Operation'), (1076785, 'Add Index Entry Root', 'Delete Index Entry Root'), (1076818, 'Initialize File Record Segment', 'No-Operation'), (1076882, 'Set New Attribute Sizes', 'Set New Attribute Sizes'), (1076901, 'Update Nonresident Value', 'No-Operation'), (1076931, 'Set New Attribute Sizes', 'Set New Attribute Sizes'), (1076950, 'Forget Transaction', 'Compensation Log Record')]"
1077956,True,5,79,"56-9, 56-10, 56-11, 56-12, 56-13",1077896,1077969,Set New Attribute Sizes,Set New Attribute Sizes,Forget Transaction,Compensation Log Record,,,[],[],"[(1077915, 1920)]","[(1077896, 'Set New Attribute Sizes', 'Set New Attribute Sizes'), (1077915, 'Update Nonresident Value', 'No-Operation'), (1077937, 'Set New Attribute Sizes', 'Set New Attribute Sizes'), (1077956, 'Update Resident Value', 'Update Resident Value'), (1077969, 'Forget Transaction', 'Compensation Log Record')]"
1085430,True,5,30,"70-17, 70-18, 70-19, 71-0, 71-1",1085370,1085451,Set New Attribute Sizes,Set New Attribute Sizes,Forget Transaction,Compensation Log Record,,,[],[],"[(1085389, 4744)]","[(1085370, 'Set New Attribute Sizes', 'Set New Attribute Sizes'), (1085389, 'Update Nonresident Value', 'No-Operation'), (1085411, 'Set New Attribute Sizes', 'Set New Attribute Sizes'), (1085430, 'Update Resident Value', 'Update Resident Value'), (1085451, 'Forget Transaction', 'Compensation Log Record')]"
1085896,True,8,53,"71-13, 71-14, 71-15, 71-16, 71-17, 71-18, 71-19, 71-20",1085794,1085915,Clear Bits in Nonresident Bitmap,Set Bits in Nonresident Bitmap,Forget Transaction,Compensation Log Record,,,[],[],"[(1085875, 4920)]","[(1085794, 'Clear Bits in Nonresident Bitmap', 'Set Bits in Nonresident Bitmap'), (1085806, 'Delete Index Entry Allocation', 'Add Index Entry Allocation'), (1085830, 'Deallocate File Record Segment', 'Initialize File Record Segment'), (1085844, 'Clear Bits in Nonresident Bitmap', 'Set Bits in Nonresident Bitmap'), (1085856, 'Set New Attribute Sizes', 'Set New Attribute Sizes'), (1085875, 'Update Nonresident Value', 'No-Operation'), (1085896, 'Set New Attribute Sizes', 'Set New Attribute Sizes'), (1085915, 'Forget Transaction', 'Compensation Log Record')]"
1077705,True,10,45,"55-13, 55-14, 55-15, 55-16, 55-17, 55-18, 55-19, 55-20, 55-21, 55-22",1077540,1077724,Set Bits in Nonresident Bitmap,Clear Bits in Nonresident Bitmap,Forget Transaction,Compensation Log Record,,,"[(1077616, 39, 1)]",[],"[(1077683, 1744)]","[(1077540, 'Set Bits in Nonresident Bitmap', 'Clear Bits in Nonresident Bitmap'), (1077552, 'No-Operation', 'Deallocate File Record Segment'), (1077564, 'Open Non Resident Attribute', 'No-Operation'), (1077581, 'No-Operation', 'No-Operation'), (1077592, 'Add Index Entry Root', 'Delete Index Entry Root'), (1077616, 'Initialize File Record Segment', 'No-Operation'), (1077664, 'Set New Attribute Sizes', 'Set New Attribute Sizes'), (1077683, 'Update Nonresident Value', 'No-Operation'), (1077705, 'Set New Attribute Sizes', 'Set New Attribute Sizes'), (1077724, 'Forget Transaction', 'Compensation Log Record')]"
1074378,True,9,113,"49-5, 49-6, 49-7, 49-8, 49-9, 49-10, 49-11, 49-12, 49-13",1074252,1074391,Clear Bits in Nonresident Bitmap,Set Bits in Nonresident Bitmap,Forget Transaction,Compensation Log Record,,,[],[],"[(1074338, 80)]","[(1074252, 'Clear Bits in Nonresident Bitmap', 'Set Bits in Nonresident Bitmap'), (1074264, 'Update Mapping Pairs', 'Update Mapping Pairs'), (1074277, 'Set New Attribute Sizes', 'Set New Attribute Sizes'), (1074294, 'Update File Name Allocation', 'Update File Name Allocation'), (1074319, 'Set New Attribute Sizes', 'Set New Attribute Sizes'), (1074338, 'Update Nonresident Value', 'No-Operation'), (1074359, 'Set New Attribute Sizes', 'Set New Attribute Sizes'), (1074378, 'Update Resident Value', 'Update Resident Value'), (1074391, 'Forget Transaction', 'Compensation Log Record')]"
1080781,True,5,82,"61-11, 61-12, 61-13, 61-14, 61-15",1080719,1080794,Set New Attribute Sizes,Set New Attribute Sizes,Forget Transaction,Compensation Log Record,,,[],[],"[(1080738, 3168)]","[(1080719, 'Set New Attribute Sizes', 'Set New Attribute Sizes'), (1080738, 'Update Nonresident Value', 'No-Operation'), (1080762, 'Set New Attribute Sizes', 'Set New Attribute Sizes'), (1080781, 'Update Resident Value', 'Update Resident Value'), (1080794, 'Forget Transaction', 'Compensation Log Record')]"
1085238,True,2,123,"70-9, 70-10",1085238,1085249,Update Resident Value,Update Resident Value,Forget Transaction,Compensation Log Record,,,[],[],[],"[(1085238, 'Update Resident Value', 'Update Resident Value'), (1085249, 'Forget Transaction', 'Compensation Log Record')]"
1071829,True,2,42,"44-10, 44-11",1071829,1071850,Update Resident Value,Update Resident Value,Forget Transaction,Compensation Log Record,,,[],[],[],"[(1071829, 'Update Resident Value', 'Update Resident Value'), (1071850, 'Forget Transaction', 'Compensation Log Record')]"
1071062,True,10,85,"42-17, 42-18, 42-19, 42-20, 42-21, 42-22, 42-23, 42-24, 42-25, 42-26",1070885,1071079,Set New Attribute Sizes,Set New Attribute Sizes,Forget Transaction,Compensation Log Record,,,[],[],[],"[(1070885, 'Set New Attribute Sizes', 'Set New Attribute Sizes'), (1070902, 'Update Nonresident Value', 'Update Nonresident Value'), (1070914, 'Set New Attribute Sizes', 'Set New Attribute Sizes'), (1070931, 'Update Nonresident Value', 'Update Nonresident Value'), (1070943, 'Update Nonresident Value', 'Update Nonresident Value'), (1070986, 'Update Nonresident Value', 'Update Nonresident Value'), (1071029, 'Set New Attribute Sizes', 'Set New Attribute Sizes'), (1071046, 'Add Index Entry Root', 'Delete Index Entry Root'), (1071062, 'Add Index Entry Root', 'Delete Index Entry Root'), (1071079, 'Forget Transaction', 'Compensation Log Record')]"
1080023,True,5,80,"60-10, 60-11, 60-12, 60-13, 60-14",1079964,1080036,Set New Attribute Sizes,Set New Attribute Sizes,Forget Transaction,Compensation Log Record,,,[],[],"[(1079983, 2984)]","[(1079964, 'Set New Attribute Sizes', 'Set New Attribute Sizes'), (1079983, 'Update Nonresident Value', 'No-Operation'), (1080004, 'Set New Attribute Sizes', 'Set New Attribute Sizes'), (1080023, 'Update Resident Value', 'Update Resident Value'), (1080036, 'Forget Transaction', 'Compensation Log Record')]"
1079256,True,6,149,"58-19, 58-20, 58-21, 58-22, 58-23, 58-24",1079186,1079275,Set New Attribute Sizes,Set New Attribute Sizes,Forget Transaction,Compensation Log Record,,,[],[],"[(1079235, 2504)]","[(1079186, 'Set New Attribute Sizes', 'Set New Attribute Sizes'), (1079203, 'Update Resident Value', 'Update Resident Value'), (1079216, 'Set New Attribute Sizes', 'Set New Attribute Sizes'), (1079235, 'Update Nonresident Value', 'No-Operation'), (1079256, 'Set New Attribute Sizes', 'Set New Attribute Sizes'), (1079275, 'Forget Transaction', 'Compensation Log Record')]"
1076697,True,18,17,"53-2, 53-3, 53-4, 53-5, 53-6, 53-7, 53-8, 53-9, 53-10, 53-11, 53-12, 53-13, 53-14, 53-15, 53-16, 53-17, 53-18, 53-19",1076243,1076714,Set New Attribute Sizes,Set New Attribute Sizes,Forget Transaction,Compensation Log Record,,,[],"[(1076448, 'IndexRoot'), (1076526, 'IndexAllocation'), (1076547, 'Bitmap'), (1076659, 'IndexRoot')]",[],"[(1076243, 'Set New Attribute Sizes', 'Set New Attribute Sizes'), (1076260, 'Update Nonresident Value', 'Update Nonresident Value'), (1076272, 'Set New Attribute Sizes', 'Set New Attribute Sizes'), (1076289, 'Update Nonresident Value', 'Update Nonresident Value'), (1076301, 'Update Nonresident Value', 'Update Nonresident Value'), (1076366, 'Update Nonresident Value', 'Update Nonresident Value'), (1076431, 'Set New Attribute Sizes', 'Set New Attribute Sizes'), (1076448, 'Delete Attribute', 'Create Attribute'), (1076514, 'Set Bits in Nonresident Bitmap', 'Clear Bits in Nonresident Bitmap'), (1076526, 'Create Attribute', 'Delete Attribute'), (1076547, 'Create Attribute', 'Delete Attribute'), (1076563, 'Update Resident Value', 'Update Resident Value'), (1076576, 'Set New Attribute Sizes', 'Set New Attribute Sizes'), (1076593, 'Update Nonresident Value', 'No-Operation'), (1076659, 'Create Attribute', 'Delete Attribute'), (1076681, 'Add Index Entry Allocation', 'Delete Index Entry Allocation'), (1076697, 'Add Index Entry Allocation', 'Delete Index Entry Allocation'), (1076714, 'Forget Transaction', 'Compensation Log Record')]"
1074501,True,8,125,"49-14, 49-15, 49-16, 49-17, 49-18, 49-19, 49-20, 49-21",1074402,1074520,Set Bits in Nonresident Bitmap,Clear Bits in Nonresident Bitmap,Forget Transaction,Compensation Log Record,,,[],[],"[(1074480, 160)]","[(1074402, 'Set Bits in Nonresident Bitmap', 'Clear Bits in Nonresident Bitmap'), (1074414, 'Set New Attribute Sizes', 'Set New Attribute Sizes'), (1074431, 'Update Mapping Pairs', 'Update Mapping Pairs'), (1074444, 'Set New Attribute Sizes', 'Set New Attribute Sizes'), (1074461, 'Set New Attribute Sizes', 'Set New Attribute Sizes'), (1074480, 'Update Nonresident Value', 'No-Operation'), (1074501, 'Set New Attribute Sizes', 'Set New Attribute Sizes'), (1074520, 'Forget Transaction', 'Compensation Log Record')]"
1078237,True,4,103,"56-26, 56-27, 56-28, 56-29",1078196,1078256,Set New Attribute Sizes,Set New Attribute Sizes,Forget Transaction,Compensation Log Record,,,[],[],"[(1078215, 2184)]","[(1078196, 'Set New Attribute Sizes', 'Set New Attribute Sizes'), (1078215, 'Update Nonresident Value', 'No-Operation'), (1078237, 'Set New Attribute Sizes', 'Set New Attribute Sizes'), (1078256, 'Forget Transaction', 'Compensation Log Record')]"
1080840,True,3,111,"61-16, 62-1, 62-2",1080805,1080865,Update Resident Value,Update Resident Value,Forget Transaction,Compensation Log Record,,,[],[],[],"[(1080805, 'Update Resident Value', 'Update Resident Value'), (1080840, 'Update File Name Allocation', 'Update File Name Allocation'), (1080865, 'Forget Transaction', 'Compensation Log Record')]"
1081582,True,6,33,"63-9, 63-10, 63-11, 63-12, 63-13, 63-14",1081504,1081601,Add Index Entry Root,Delete Index Entry Root,Forget Transaction,Compensation Log Record,,,[],"[(1081526, 'ObjectID')]","[(1081561, 3536)]","[(1081504, 'Add Index Entry Root', 'Delete Index Entry Root'), (1081526, 'Create Attribute', 'Delete Attribute'), (1081542, 'Set New Attribute Sizes', 'Set New Attribute Sizes'), (1081561, 'Update Nonresident Value', 'No-Operation'), (1081582, 'Set New Attribute Sizes', 'Set New Attribute Sizes'), (1081601, 'Forget Transaction', 'Compensation Log Record')]"
1081327,True,3,3,"62-17, 63-0, 63-1",1081300,1081360,Update Resident Value,Update Resident Value,Forget Transaction,Compensation Log Record,,,[],[],[],"[(1081300, 'Update Resident Value', 'Update Resident Value'), (1081327, 'Update File Name Allocation', 'Update File Name Allocation'), (1081360, 'Forget Transaction', 'Compensation Log Record')]"
1071861,True,2,61,"44-12, 44-13",1071861,1071886,Update File Name Allocation,Update File Name Allocation,Forget Transaction,Compensation Log Record,,,[],[],[],"[(1071861, 'Update File Name Allocation', 'Update File Name Allocation'), (1071886, 'Forget Transaction', 'Compensation Log Record')]"
1079286,True,2,7,"59-0, 59-1",1079286,1079319,Update File Name Allocation,Update File Name Allocation,Forget Transaction,Compensation Log Record,,,[],[],[],"[(1079286, 'Update File Name Allocation', 'Update File Name Allocation'), (1079319, 'Forget Transaction', 'Compensation Log Record')]"
1075452,True,9,28,"51-8, 51-9, 51-10, 51-11, 51-12, 51-13, 51-14, 51-15, 51-16",1075329,1075478,Open Non Resident Attribute,No-Operation,Forget Transaction,Compensation Log Record,,,[],"[(1075379, 'ObjectID')]","[(1075414, 720)]","[(1075329, 'Open Non Resident Attribute', 'No-Operation'), (1075346, 'No-Operation', 'No-Operation'), (1075357, 'Add Index Entry Root', 'Delete Index Entry Root'), (1075379, 'Create Attribute', 'Delete Attribute'), (1075395, 'Set New Attribute Sizes', 'Set New Attribute Sizes'), (1075414, 'Update Nonresident Value', 'No-Operation'), (1075433, 'Set New Attribute Sizes', 'Set New Attribute Sizes'), (1075452, 'Update Resident Value', 'Update Resident Value'), (1075478, 'Forget Transaction', 'Compensation Log Record')]"
1071359,True,5,35,"43-12, 43-13, 43-14, 43-15, 43-16",1071307,1071418,Set Bits in Nonresident Bitmap,Clear Bits in Nonresident Bitmap,Forget Transaction,Compensation Log Record,,,"[(1071359, 33, 1)]",[],[],"[(1071307, 'Set Bits in Nonresident Bitmap', 'Clear Bits in Nonresident Bitmap'), (1071319, 'No-Operation', 'Deallocate File Record Segment'), (1071331, 'Add Index Entry Allocation', 'Delete Index Entry Allocation'), (1071359, 'Initialize File Record Segment', 'No-Operation'), (1071418, 'Forget Transaction', 'Compensation Log Record')]"
,False,1,8,43-3,1071136,1071136,Clear Bits in Nonresident Bitmap,Compensation Log Record,Clear Bits in Nonresident Bitmap,Compensation Log Record,1071124,,[],[],[],"[(1071136, 'Clear Bits in Nonresident Bitmap', 'Compensation Log Record')]"
,False,1,11,43-4,1071148,1071148,Forget Transaction,Compensation Log Record,Forget Transaction,Compensation Log Record,1071136,,[],[],[],"[(1071148, 'Forget Transaction', 'Compensation Log Record')]"
,False,1,19,47-2,1073238,1073238,Compensation Log Record,No-Operation,Compensation Log Record,No-Operation,,True,[],[],[],"[(1073238, 'Compensation Log Record', 'No-Operation')]"
1085462,False,2,29,"71-2, 71-3",1085462,1085596,unknown,No-Operation,unknown,No-Operation,,True,[],[],[],"[(1085462, 'unknown', 'No-Operation'), (1085596, 'unknown', 'No-Operation')]"
1080308,False,3,36,"60-22, 61-0, 61-1",1080174,1080350,unknown,No-Operation,Dirty Page Table Dump,No-Operation,,True,[],[],[],"[(1080174, 'unknown', 'No-Operation'), (1080308, 'unknown', 'No-Operation'), (1080350, 'Dirty Page Table Dump', 'No-Operation')]"
,False,1,37,71-4,1085630,1085630,Compensation Log Record,No-Operation,Compensation Log Record,No-Operation,,True,[],[],[],"[(1085630, 'Compensation Log Record', 'No-Operation')]"
,False,1,41,62-5,1081044,1081044,Compensation Log Record,No-Operation,Compensation Log Record,No-Operation,,True,[],[],[],"[(1081044, 'Compensation Log Record', 'No-Operation')]"
1073068,False,2,50,"47-0, 47-1",1073068,1073210,unknown,No-Operation,unknown,No-Operation,,True,[],[],[],"[(1073068, 'unknown', 'No-Operation'), (1073210, 'unknown', 'No-Operation')]"
1081887,False,3,57,"64-0, 64-1, 64-2",1081745,1081921,unknown,No-Operation,Dirty Page Table Dump,No-Operation,,True,[],[],[],"[(1081745, 'unknown', 'No-Operation'), (1081887, 'unknown', 'No-Operation'), (1081921, 'Dirty Page Table Dump', 'No-Operation')]"
1073570,False,2,62,"48-0, 48-1",1073570,1073712,unknown,No-Operation,unknown,No-Operation,,True,[],[],[],"[(1073570, 'unknown', 'No-Operation'), (1073712, 'unknown', 'No-Operation')]"
,False,1,68,70-4,1085147,1085147,Compensation Log Record,No-Operation,Compensation Log Record,No-Operation,,True,[],[],[],"[(1085147, 'Compensation Log Record', 'No-Operation')]"
,False,1,72,48-2,1073740,1073740,Compensation Log Record,No-Operation,Compensation Log Record,No-Operation,,True,[],[],[],"[(1073740, 'Compensation Log Record', 'No-Operation')]"
,False,1,86,64-3,1082095,1082095,Compensation Log Record,No-Operation,Compensation Log Record,No-Operation,,True,[],[],[],"[(1082095, 'Compensation Log Record', 'No-Operation')]"
1084373,False,3,92,"68-19, 68-20, 69-0",1084239,1084407,unknown,No-Operation,Dirty Page Table Dump,No-Operation,,True,[],[],[],"[(1084239, 'unknown', 'No-Operation'), (1084373, 'unknown', 'No-Operation'), (1084407, 'Dirty Page Table Dump', 'No-Operation')]"
,False,1,96,33-1,1065992,1065992,Compensation Log Record,No-Operation,Compensation Log Record,No-Operation,,True,[],[],[],"[(1065992, 'Compensation Log Record', 'No-Operation')]"
,False,1,108,69-1,1084589,1084589,Compensation Log Record,No-Operation,Compensation Log Record,No-Operation,,True,[],[],[],"[(1084589, 'Compensation Log Record', 'No-Operation')]"
1082408,False,2,109,"65-3, 65-4",1082408,1082542,unknown,No-Operation,unknown,No-Operation,,True,[],[],[],"[(1082408, 'unknown', 'No-Operation'), (1082542, 'unknown', 'No-Operation')]"
1084743,False,3,117,"69-2, 69-3, 70-0",1084609,1084777,unknown,No-Operation,Dirty Page Table Dump,No-Operation,,True,[],[],[],"[(1084609, 'unknown', 'No-Operation'), (1084743, 'unknown', 'No-Operation'), (1084777, 'Dirty Page Table Dump', 'No-Operation')]"
,False,1,118,65-5,1082576,1082576,Compensation Log Record,No-Operation,Compensation Log Record,No-Operation,,True,[],[],[],"[(1082576, 'Compensation Log Record', 'No-Operation')]"
,False,1,122,61-2,1080524,1080524,Compensation Log Record,No-Operation,Compensation Log Record,No-Operation,,True,[],[],[],"[(1080524, 'Compensation Log Record', 'No-Operation')]"
1072482,False,3,124,"45-12, 45-13, 46-0",1072348,1072510,unknown,No-Operation,Dirty Page Table Dump,No-Operation,,True,[],[],[],"[(1072348, 'unknown', 'No-Operation'), (1072482, 'unknown', 'No-Operation'), (1072510, 'Dirty Page Table Dump', 'No-Operation')]"
1078622,False,3,127,"57-14, 57-15, 58-0",1078488,1078656,unknown,No-Operation,Dirty Page Table Dump,No-Operation,,True,[],[],[],"[(1078488, 'unknown', 'No-Operation'), (1078622, 'unknown', 'No-Operation'), (1078656, 'Dirty Page Table Dump', 'No-Operation')]"
1082943,False,3,129,"66-0, 66-1, 66-2",1082801,1082977,unknown,No-Operation,Dirty Page Table Dump,No-Operation,,True,[],[],[],"[(1082801, 'unknown', 'No-Operation'), (1082943, 'unknown', 'No-Operation'), (1082977, 'Dirty Page Table Dump', 'No-Operation')]"
,False,1,134,70-1,1084959,1084959,Compensation Log Record,No-Operation,Compensation Log Record,No-Operation,,True,[],[],[],"[(1084959, 'Compensation Log Record', 'No-Operation')]"
1080876,False,2,136,"62-3, 62-4",1080876,1081010,unknown,No-Operation,unknown,No-Operation,,True,[],[],[],"[(1080876, 'unknown', 'No-Operation'), (1081010, 'unknown', 'No-Operation')]"
1084979,False,2,137,"70-2, 70-3",1084979,1085113,unknown,No-Operation,unknown,No-Operation,,True,[],[],[],"[(1084979, 'unknown', 'No-Operation'), (1085113, 'unknown', 'No-Operation')]"
,False,1,138,46-1,1072692,1072692,Compensation Log Record,No-Operation,Compensation Log Record,No-Operation,,True,[],[],[],"[(1072692, 'Compensation Log Record', 'No-Operation')]"
,False,1,139,58-1,1078838,1078838,Compensation Log Record,No-Operation,Compensation Log Record,No-Operation,,True,[],[],[],"[(1078838, 'Compensation Log Record', 'No-Operation')]"
1072846,False,3,140,"46-2, 46-3, 46-4",1072712,1072874,unknown,No-Operation,Dirty Page Table Dump,No-Operation,,True,[],[],[],"[(1072712, 'unknown', 'No-Operation'), (1072846, 'unknown', 'No-Operation'), (1072874, 'Dirty Page Table Dump', 'No-Operation')]"
,False,1,144,66-3,1083151,1083151,Compensation Log Record,No-Operation,Compensation Log Record,No-Operation,,True,[],[],[],"[(1083151, 'Compensation Log Record', 'No-Operation')]"
,False,1,150,46-5,1073048,1073048,Compensation Log Record,No-Operation,Compensation Log Record,No-Operation,,True,[],[],[],"[(1073048, 'Compensation Log Record', 'No-Operation')]"
